smiles,base_material,dielectric_constant,tg_celsius,density_g_cm3,thickness_nm,applied_voltage,temp_c,predicted_capacitance,cap_error
CC(=O)Oc1ccc(cc1)C(C)(C)c2ccc(cc2)OCCC,Polycarbonate,2.913704557334861,149.99935305975873,1.1651745567684149,1376.3233464014302,273.47706706470467,25,189.31490019812549,10.685099801874514
NOc1ccc(cc1)C(C)(C)c2ccc(cc2)OOC,Polycarbonate,2.8346170704717597,149.90738662044294,1.1613965186716408,1289.4042858855987,153.15822740983745,25,206.08973774063304,6.089737740633041
c1ccccc1Oc1ccc(cc1)C(C)(C)c2ccc(cc2)OOC,Polycarbonate,2.986524129975964,149.84218243078212,1.1545579742675995,1394.4558928735255,154.80371241086095,25,203.68897291128408,3.6889729112840826
COc1ccc(cc1)C(C)(C)c2ccc(cc2)OC(F)(F)F,Polycarbonate,2.943860806611589,149.69308912124592,1.2496049170645689,1193.463949663974,445.4484142354017,25,201.073195772725,1.0731957727250006
CC(=O)Oc1ccc(cc1)C(C)(C)c2ccc(cc2)OOC,Polycarbonate,2.905987563353136,149.55437206440084,1.1741703191664536,1422.431125960049,153.00434829195777,25,200.01552888602663,0.015528886026629607
ClCCCCCC(=O)NOC,Nylon-6,3.4219852023017276,50.05770075225132,1.1186564932682472,1619.1169535548238,56.06627061242991,25,200.00160355338002,0.0016035533800220492
